week,week_raw,incidencePer100k,geo_insee,geo_name
2025-W41,202541,140,FR,"France"
2025-W40,202540,118,FR,"France"
2025-W39,202539,109,FR,"France"
2025-W38,202538,92,FR,"France"
2025-W37,202537,69,FR,"France"
2025-W36,202536,38,FR,"France"
2025-W35,202535,34,FR,"France"
2025-W34,202534,32,FR,"France"
2025-W33,202533,25,FR,"France"
2025-W32,202532,30,FR,"France"
2025-W31,202531,28,FR,"France"
2025-W30,202530,29,FR,"France"
2025-W29,202529,28,FR,"France"
2025-W28,202528,35,FR,"France"
2025-W27,202527,32,FR,"France"
2025-W26,202526,33,FR,"France"
2025-W25,202525,35,FR,"France"
2025-W24,202524,35,FR,"France"
2025-W23,202523,36,FR,"France"
2025-W22,202522,28,FR,"France"
2025-W21,202521,35,FR,"France"
2025-W20,202520,30,FR,"France"
2025-W19,202519,24,FR,"France"
2025-W18,202518,27,FR,"France"
2025-W17,202517,33,FR,"France"
2025-W16,202516,43,FR,"France"
2025-W15,202515,53,FR,"France"
2025-W14,202514,56,FR,"France"
2025-W13,202513,59,FR,"France"
2025-W12,202512,78,FR,"France"
2025-W11,202511,89,FR,"France"
2025-W10,202510,90,FR,"France"
2025-W09,202509,126,FR,"France"
2025-W08,202508,203,FR,"France"
2025-W07,202507,312,FR,"France"
2025-W06,202506,408,FR,"France"
2025-W05,202505,499,FR,"France"
2025-W04,202504,522,FR,"France"
2025-W03,202503,377,FR,"France"
2025-W02,202502,384,FR,"France"
2025-W01,202501,345,FR,"France"
2024-W52,202452,302,FR,"France"
2024-W51,202451,302,FR,"France"
2024-W50,202450,205,FR,"France"
2024-W49,202449,163,FR,"France"
2024-W48,202448,131,FR,"France"
2024-W47,202447,114,FR,"France"
2024-W46,202446,85,FR,"France"
2024-W45,202445,71,FR,"France"
2024-W44,202444,54,FR,"France"
2024-W43,202443,70,FR,"France"
2024-W42,202442,102,FR,"France"
2024-W41,202441,119,FR,"France"
2024-W40,202440,127,FR,"France"
2024-W39,202439,137,FR,"France"
2024-W38,202438,138,FR,"France"
2024-W37,202437,85,FR,"France"
2024-W36,202436,50,FR,"France"
2024-W35,202435,41,FR,"France"
2024-W34,202434,40,FR,"France"
2024-W33,202433,31,FR,"France"
2024-W32,202432,35,FR,"France"
2024-W31,202431,39,FR,"France"
2024-W30,202430,55,FR,"France"
2024-W29,202429,59,FR,"France"
2024-W28,202428,81,FR,"France"
2024-W27,202427,71,FR,"France"
2024-W26,202426,66,FR,"France"
2024-W25,202425,71,FR,"France"
2024-W24,202424,62,FR,"France"
2024-W23,202423,54,FR,"France"
2024-W22,202422,51,FR,"France"
2024-W21,202421,33,FR,"France"
2024-W20,202420,30,FR,"France"
2024-W19,202419,23,FR,"France"
2024-W18,202418,34,FR,"France"
2024-W17,202417,41,FR,"France"
2024-W16,202416,43,FR,"France"
2024-W15,202415,45,FR,"France"
2024-W14,202414,48,FR,"France"
2024-W13,202413,53,FR,"France"
2024-W12,202412,61,FR,"France"
2024-W11,202411,75,FR,"France"
2024-W10,202410,90,FR,"France"
2024-W09,202409,107,FR,"France"
2024-W08,202408,157,FR,"France"
2024-W07,202407,207,FR,"France"
2024-W06,202406,285,FR,"France"
2024-W05,202405,324,FR,"France"
2024-W04,202404,320,FR,"France"
2024-W03,202403,245,FR,"France"
2024-W02,202402,194,FR,"France"
2024-W01,202401,181,FR,"France"
2023-W52,202352,174,FR,"France"
2023-W51,202351,224,FR,"France"
2023-W50,202350,223,FR,"France"
2023-W49,202349,222,FR,"France"
2023-W48,202348,187,FR,"France"
2023-W47,202347,167,FR,"France"
2023-W46,202346,126,FR,"France"
2023-W45,202345,108,FR,"France"
2023-W44,202344,75,FR,"France"
2023-W43,202343,68,FR,"France"
2023-W42,202342,86,FR,"France"
2023-W41,202341,88,FR,"France"
2023-W40,202340,104,FR,"France"
2023-W39,202339,108,FR,"France"
2023-W38,202338,95,FR,"France"
2023-W37,202337,74,FR,"France"
2023-W36,202336,58,FR,"France"
2023-W35,202335,48,FR,"France"
2023-W34,202334,40,FR,"France"
2023-W33,202333,29,FR,"France"
2023-W32,202332,22,FR,"France"
2023-W31,202331,23,FR,"France"
2023-W30,202330,20,FR,"France"
2023-W29,202329,17,FR,"France"
2023-W28,202328,14,FR,"France"
2023-W27,202327,14,FR,"France"
2023-W26,202326,14,FR,"France"
2023-W25,202325,15,FR,"France"
2023-W24,202324,17,FR,"France"
2023-W23,202323,22,FR,"France"
2023-W22,202322,28,FR,"France"
2023-W21,202321,25,FR,"France"
2023-W20,202320,24,FR,"France"
2023-W19,202319,25,FR,"France"
2023-W18,202318,30,FR,"France"
2023-W17,202317,41,FR,"France"
2023-W16,202316,42,FR,"France"
2023-W15,202315,56,FR,"France"
2023-W14,202314,72,FR,"France"
2023-W13,202313,98,FR,"France"
2023-W12,202312,109,FR,"France"
2023-W11,202311,112,FR,"France"
2023-W10,202310,115,FR,"France"
2023-W09,202309,93,FR,"France"
2023-W08,202308,115,FR,"France"
2023-W07,202307,135,FR,"France"
2023-W06,202306,146,FR,"France"
2023-W05,202305,144,FR,"France"
2023-W04,202304,113,FR,"France"
2023-W03,202303,105,FR,"France"
2023-W02,202302,118,FR,"France"
2023-W01,202301,183,FR,"France"
2022-W52,202252,234,FR,"France"
2022-W51,202251,374,FR,"France"
2022-W50,202250,353,FR,"France"
2022-W49,202249,246,FR,"France"
2022-W48,202248,184,FR,"France"
2022-W47,202247,145,FR,"France"
2022-W46,202246,102,FR,"France"
2022-W45,202245,68,FR,"France"
2022-W44,202244,52,FR,"France"
2022-W43,202243,68,FR,"France"
2022-W42,202242,72,FR,"France"
2022-W41,202241,73,FR,"France"
2022-W40,202240,63,FR,"France"
2022-W39,202239,60,FR,"France"
2022-W38,202238,43,FR,"France"
2022-W37,202237,32,FR,"France"
2022-W36,202236,21,FR,"France"
2022-W35,202235,14,FR,"France"
2022-W34,202234,11,FR,"France"
2022-W33,202233,11,FR,"France"
2022-W32,202232,18,FR,"France"
2022-W31,202231,20,FR,"France"
2022-W30,202230,23,FR,"France"
2022-W29,202229,31,FR,"France"
2022-W28,202228,35,FR,"France"
2022-W27,202227,54,FR,"France"
2022-W26,202226,44,FR,"France"
2022-W25,202225,34,FR,"France"
2022-W24,202224,29,FR,"France"
2022-W23,202223,26,FR,"France"
2022-W22,202222,21,FR,"France"
2022-W21,202221,18,FR,"France"
2022-W20,202220,26,FR,"France"
2022-W19,202219,26,FR,"France"
2022-W18,202218,42,FR,"France"
2022-W17,202217,54,FR,"France"
2022-W16,202216,82,FR,"France"
2022-W15,202215,160,FR,"France"
2022-W14,202214,241,FR,"France"
2022-W13,202213,283,FR,"France"
2022-W12,202212,241,FR,"France"
2022-W11,202211,171,FR,"France"
2022-W10,202210,121,FR,"France"
2022-W09,202209,66,FR,"France"
2022-W08,202208,42,FR,"France"
2022-W07,202207,48,FR,"France"
2022-W06,202206,64,FR,"France"
2022-W05,202205,92,FR,"France"
2022-W04,202204,100,FR,"France"
2022-W03,202203,102,FR,"France"
2022-W02,202202,79,FR,"France"
2022-W01,202201,82,FR,"France"
2021-W52,202152,72,FR,"France"
2021-W51,202151,54,FR,"France"
2021-W50,202150,51,FR,"France"
2021-W49,202149,51,FR,"France"
2021-W48,202148,53,FR,"France"
2021-W47,202147,46,FR,"France"
2021-W46,202146,36,FR,"France"
2021-W45,202145,24,FR,"France"
2021-W44,202144,23,FR,"France"
2021-W43,202143,29,FR,"France"
2021-W42,202142,34,FR,"France"
2021-W41,202141,29,FR,"France"
2021-W40,202140,27,FR,"France"
2021-W39,202139,23,FR,"France"
2021-W38,202138,17,FR,"France"
2021-W37,202137,14,FR,"France"
2021-W36,202136,12,FR,"France"
2021-W35,202135,12,FR,"France"
2021-W34,202134,13,FR,"France"
2021-W33,202133,10,FR,"France"
2021-W32,202132,13,FR,"France"
2021-W31,202131,16,FR,"France"
2021-W30,202130,13,FR,"France"
2021-W29,202129,13,FR,"France"
2021-W28,202128,9,FR,"France"
2021-W27,202127,8,FR,"France"
2021-W26,202126,6,FR,"France"
2021-W25,202125,6,FR,"France"
2021-W24,202124,5,FR,"France"
2021-W23,202123,6,FR,"France"
2021-W22,202122,7,FR,"France"
2021-W21,202121,8,FR,"France"
2021-W20,202120,11,FR,"France"
2021-W19,202119,10,FR,"France"
2021-W18,202118,10,FR,"France"
2021-W17,202117,12,FR,"France"
2021-W16,202116,19,FR,"France"
2021-W15,202115,23,FR,"France"
2021-W14,202114,26,FR,"France"
2021-W13,202113,34,FR,"France"
2021-W12,202112,39,FR,"France"
2021-W11,202111,30,FR,"France"
2021-W10,202110,26,FR,"France"
2021-W09,202109,20,FR,"France"
2021-W08,202108,25,FR,"France"
2021-W07,202107,29,FR,"France"
2021-W06,202106,30,FR,"France"
2021-W05,202105,29,FR,"France"
2021-W04,202104,35,FR,"France"
2021-W03,202103,30,FR,"France"
2021-W02,202102,25,FR,"France"
2021-W01,202101,29,FR,"France"
2020-W53,202053,22,FR,"France"
2020-W52,202052,17,FR,"France"
2020-W51,202051,18,FR,"France"
2020-W50,202050,19,FR,"France"
2020-W49,202049,17,FR,"France"
2020-W48,202048,21,FR,"France"
2020-W47,202047,23,FR,"France"
2020-W46,202046,34,FR,"France"
2020-W45,202045,56,FR,"France"
2020-W44,202044,59,FR,"France"
2020-W43,202043,56,FR,"France"
2020-W42,202042,46,FR,"France"
2020-W41,202041,37,FR,"France"
2020-W40,202040,28,FR,"France"
2020-W39,202039,28,FR,"France"
2020-W38,202038,35,FR,"France"
2020-W37,202037,21,FR,"France"
2020-W36,202036,8,FR,"France"
2020-W35,202035,6,FR,"France"
2020-W34,202034,5,FR,"France"
2020-W33,202033,3,FR,"France"
2020-W32,202032,3,FR,"France"
2020-W31,202031,5,FR,"France"
2020-W30,202030,7,FR,"France"
2020-W29,202029,9,FR,"France"
2020-W28,202028,7,FR,"France"
2020-W27,202027,3,FR,"France"
2020-W26,202026,2,FR,"France"
2020-W25,202025,2,FR,"France"
2020-W24,202024,2,FR,"France"
2020-W23,202023,2,FR,"France"
2020-W22,202022,3,FR,"France"
2020-W21,202021,5,FR,"France"
2020-W20,202020,12,FR,"France"
2020-W19,202019,13,FR,"France"
2020-W18,202018,19,FR,"France"
2020-W17,202017,24,FR,"France"
2020-W16,202016,32,FR,"France"
2020-W15,202015,53,FR,"France"
2020-W14,202014,113,FR,"France"
2020-W13,202013,167,FR,"France"
2020-W12,202012,160,FR,"France"
2020-W11,202011,172,FR,"France"
2020-W10,202010,160,FR,"France"
2020-W09,202009,168,FR,"France"
2020-W08,202008,218,FR,"France"
2020-W07,202007,279,FR,"France"
2020-W06,202006,314,FR,"France"
2020-W05,202005,285,FR,"France"
2020-W04,202004,186,FR,"France"
2020-W03,202003,119,FR,"France"
2020-W02,202002,81,FR,"France"
2020-W01,202001,56,FR,"France"
2019-W52,201952,43,FR,"France"
2019-W51,201951,45,FR,"France"
2019-W50,201950,52,FR,"France"
2019-W49,201949,39,FR,"France"
2019-W48,201948,34,FR,"France"
2019-W47,201947,28,FR,"France"
2019-W46,201946,24,FR,"France"
2019-W45,201945,15,FR,"France"
2019-W44,201944,12,FR,"France"
2019-W43,201943,14,FR,"France"
2019-W42,201942,12,FR,"France"
2019-W41,201941,11,FR,"France"
2019-W40,201940,13,FR,"France"
2019-W39,201939,11,FR,"France"
2019-W38,201938,7,FR,"France"
2019-W37,201937,5,FR,"France"
2019-W36,201936,3,FR,"France"
2019-W35,201935,2,FR,"France"
2019-W34,201934,3,FR,"France"
2019-W33,201933,2,FR,"France"
2019-W32,201932,2,FR,"France"
2019-W31,201931,4,FR,"France"
2019-W30,201930,3,FR,"France"
2019-W29,201929,3,FR,"France"
2019-W28,201928,2,FR,"France"
2019-W27,201927,4,FR,"France"
2019-W26,201926,3,FR,"France"
2019-W25,201925,2,FR,"France"
2019-W24,201924,1,FR,"France"
2019-W23,201923,3,FR,"France"
2019-W22,201922,3,FR,"France"
2019-W21,201921,4,FR,"France"
2019-W20,201920,4,FR,"France"
2019-W19,201919,5,FR,"France"
2019-W18,201918,2,FR,"France"
2019-W17,201917,5,FR,"France"
2019-W16,201916,6,FR,"France"
2019-W15,201915,9,FR,"France"
2019-W14,201914,19,FR,"France"
2019-W13,201913,25,FR,"France"
2019-W12,201912,34,FR,"France"
2019-W11,201911,48,FR,"France"
2019-W10,201910,76,FR,"France"
2019-W09,201909,134,FR,"France"
2019-W08,201908,262,FR,"France"
2019-W07,201907,467,FR,"France"
2019-W06,201906,599,FR,"France"
2019-W05,201905,540,FR,"France"
2019-W04,201904,366,FR,"France"
2019-W03,201903,223,FR,"France"
2019-W02,201902,115,FR,"France"
2019-W01,201901,76,FR,"France"
2018-W52,201852,58,FR,"France"
2018-W51,201851,60,FR,"France"
2018-W50,201850,42,FR,"France"
2018-W49,201849,30,FR,"France"
2018-W48,201848,30,FR,"France"
2018-W47,201847,24,FR,"France"
2018-W46,201846,17,FR,"France"
2018-W45,201845,17,FR,"France"
2018-W44,201844,10,FR,"France"
2018-W43,201843,10,FR,"France"
2018-W42,201842,12,FR,"France"
2018-W41,201841,12,FR,"France"
2018-W40,201840,11,FR,"France"
2018-W39,201839,11,FR,"France"
2018-W38,201838,11,FR,"France"
2018-W37,201837,7,FR,"France"
2018-W36,201836,5,FR,"France"
2018-W35,201835,2,FR,"France"
2018-W34,201834,2,FR,"France"
2018-W33,201833,3,FR,"France"
2018-W32,201832,3,FR,"France"
2018-W31,201831,3,FR,"France"
2018-W30,201830,3,FR,"France"
2018-W29,201829,3,FR,"France"
2018-W28,201828,3,FR,"France"
2018-W27,201827,5,FR,"France"
2018-W26,201826,6,FR,"France"
2018-W25,201825,7,FR,"France"
2018-W24,201824,5,FR,"France"
2018-W23,201823,2,FR,"France"
2018-W22,201822,5,FR,"France"
2018-W21,201821,4,FR,"France"
2018-W20,201820,4,FR,"France"
2018-W19,201819,2,FR,"France"
2018-W18,201818,5,FR,"France"
2018-W17,201817,4,FR,"France"
2018-W16,201816,7,FR,"France"
2018-W15,201815,25,FR,"France"
2018-W14,201814,35,FR,"France"
2018-W13,201813,50,FR,"France"
2018-W12,201812,79,FR,"France"
2018-W11,201811,99,FR,"France"
2018-W10,201810,142,FR,"France"
2018-W09,201809,165,FR,"France"
2018-W08,201808,201,FR,"France"
2018-W07,201807,215,FR,"France"
2018-W06,201806,211,FR,"France"
2018-W05,201805,240,FR,"France"
2018-W04,201804,267,FR,"France"
2018-W03,201803,271,FR,"France"
2018-W02,201802,302,FR,"France"
2018-W01,201801,358,FR,"France"
2017-W52,201752,459,FR,"France"
2017-W51,201751,352,FR,"France"
2017-W50,201750,199,FR,"France"
2017-W49,201749,98,FR,"France"
2017-W48,201748,58,FR,"France"
2017-W47,201747,38,FR,"France"
2017-W46,201746,21,FR,"France"
2017-W45,201745,22,FR,"France"
2017-W44,201744,13,FR,"France"
2017-W43,201743,11,FR,"France"
2017-W42,201742,15,FR,"France"
2017-W41,201741,19,FR,"France"
2017-W40,201740,20,FR,"France"
2017-W39,201739,23,FR,"France"
2017-W38,201738,18,FR,"France"
2017-W37,201737,15,FR,"France"
2017-W36,201736,4,FR,"France"
2017-W35,201735,4,FR,"France"
2017-W34,201734,4,FR,"France"
2017-W33,201733,4,FR,"France"
2017-W32,201732,4,FR,"France"
2017-W31,201731,5,FR,"France"
2017-W30,201730,6,FR,"France"
2017-W29,201729,8,FR,"France"
2017-W28,201728,8,FR,"France"
2017-W27,201727,6,FR,"France"
2017-W26,201726,5,FR,"France"
2017-W25,201725,1,FR,"France"
2017-W24,201724,2,FR,"France"
2017-W23,201723,3,FR,"France"
2017-W22,201722,2,FR,"France"
2017-W21,201721,1,FR,"France"
2017-W20,201720,4,FR,"France"
2017-W19,201719,5,FR,"France"
2017-W18,201718,3,FR,"France"
2017-W17,201717,3,FR,"France"
2017-W16,201716,2,FR,"France"
2017-W15,201715,1,FR,"France"
2017-W14,201714,2,FR,"France"
2017-W13,201713,12,FR,"France"
2017-W12,201712,13,FR,"France"
2017-W11,201711,12,FR,"France"
2017-W10,201710,18,FR,"France"
2017-W09,201709,20,FR,"France"
2017-W08,201708,45,FR,"France"
2017-W07,201707,91,FR,"France"
2017-W06,201706,144,FR,"France"
2017-W05,201705,297,FR,"France"
2017-W04,201704,394,FR,"France"
2017-W03,201703,410,FR,"France"
2017-W02,201702,400,FR,"France"
2017-W01,201701,392,FR,"France"
2016-W52,201652,345,FR,"France"
2016-W51,201651,288,FR,"France"
2016-W50,201650,194,FR,"France"
2016-W49,201649,117,FR,"France"
2016-W48,201648,62,FR,"France"
2016-W47,201647,34,FR,"France"
2016-W46,201646,32,FR,"France"
2016-W45,201645,24,FR,"France"
2016-W44,201644,23,FR,"France"
2016-W43,201643,14,FR,"France"
2016-W42,201642,20,FR,"France"
2016-W41,201641,21,FR,"France"
2016-W40,201640,21,FR,"France"
2016-W39,201639,16,FR,"France"
2016-W38,201638,9,FR,"France"
2016-W37,201637,6,FR,"France"
2016-W36,201636,4,FR,"France"
2016-W35,201635,5,FR,"France"
2016-W34,201634,3,FR,"France"
2016-W33,201633,2,FR,"France"
2016-W32,201632,3,FR,"France"
2016-W31,201631,6,FR,"France"
2016-W30,201630,5,FR,"France"
2016-W29,201629,2,FR,"France"
2016-W28,201628,4,FR,"France"
2016-W27,201627,9,FR,"France"
2016-W26,201626,6,FR,"France"
2016-W25,201625,7,FR,"France"
2016-W24,201624,8,FR,"France"
2016-W23,201623,8,FR,"France"
2016-W22,201622,9,FR,"France"
2016-W21,201621,9,FR,"France"
2016-W20,201620,6,FR,"France"
2016-W19,201619,7,FR,"France"
2016-W18,201618,13,FR,"France"
2016-W17,201617,21,FR,"France"
2016-W16,201616,39,FR,"France"
2016-W15,201615,74,FR,"France"
2016-W14,201614,142,FR,"France"
2016-W13,201613,262,FR,"France"
2016-W12,201612,418,FR,"France"
2016-W11,201611,467,FR,"France"
2016-W10,201610,402,FR,"France"
2016-W09,201609,353,FR,"France"
2016-W08,201608,299,FR,"France"
2016-W07,201607,318,FR,"France"
2016-W06,201606,301,FR,"France"
2016-W05,201605,275,FR,"France"
2016-W04,201604,228,FR,"France"
2016-W03,201603,116,FR,"France"
2016-W02,201602,68,FR,"France"
2016-W01,201601,65,FR,"France"
2015-W53,201553,38,FR,"France"
2015-W52,201552,30,FR,"France"
2015-W51,201551,45,FR,"France"
2015-W50,201550,39,FR,"France"
2015-W49,201549,33,FR,"France"
2015-W48,201548,25,FR,"France"
2015-W47,201547,23,FR,"France"
2015-W46,201546,20,FR,"France"
2015-W45,201545,21,FR,"France"
2015-W44,201544,23,FR,"France"
2015-W43,201543,26,FR,"France"
2015-W42,201542,29,FR,"France"
2015-W41,201541,21,FR,"France"
2015-W40,201540,20,FR,"France"
2015-W39,201539,13,FR,"France"
2015-W38,201538,13,FR,"France"
2015-W37,201537,14,FR,"France"
2015-W36,201536,3,FR,"France"
2015-W35,201535,0,FR,"France"
2015-W34,201534,1,FR,"France"
2015-W33,201533,2,FR,"France"
2015-W32,201532,2,FR,"France"
2015-W31,201531,4,FR,"France"
2015-W30,201530,4,FR,"France"
2015-W29,201529,4,FR,"France"
2015-W28,201528,3,FR,"France"
2015-W27,201527,3,FR,"France"
2015-W26,201526,4,FR,"France"
2015-W25,201525,4,FR,"France"
2015-W24,201524,4,FR,"France"
2015-W23,201523,4,FR,"France"
2015-W22,201522,7,FR,"France"
2015-W21,201521,9,FR,"France"
2015-W20,201520,7,FR,"France"
2015-W19,201519,10,FR,"France"
2015-W18,201518,6,FR,"France"
2015-W17,201517,10,FR,"France"
2015-W16,201516,19,FR,"France"
2015-W15,201515,30,FR,"France"
2015-W14,201514,48,FR,"France"
2015-W13,201513,77,FR,"France"
2015-W12,201512,109,FR,"France"
2015-W11,201511,154,FR,"France"
2015-W10,201510,223,FR,"France"
2015-W09,201509,370,FR,"France"
2015-W08,201508,635,FR,"France"
2015-W07,201507,802,FR,"France"
2015-W06,201506,827,FR,"France"
2015-W05,201505,710,FR,"France"
2015-W04,201504,453,FR,"France"
2015-W03,201503,239,FR,"France"
2015-W02,201502,161,FR,"France"
2015-W01,201501,110,FR,"France"
2014-W52,201452,98,FR,"France"
2014-W51,201451,71,FR,"France"
2014-W50,201450,66,FR,"France"
2014-W49,201449,52,FR,"France"
2014-W48,201448,44,FR,"France"
2014-W47,201447,28,FR,"France"
2014-W46,201446,23,FR,"France"
2014-W45,201445,25,FR,"France"
2014-W44,201444,24,FR,"France"
2014-W43,201443,25,FR,"France"
2014-W42,201442,34,FR,"France"
2014-W41,201441,35,FR,"France"
2014-W40,201440,26,FR,"France"
2014-W39,201439,13,FR,"France"
2014-W38,201438,16,FR,"France"
2014-W37,201437,12,FR,"France"
2014-W36,201436,8,FR,"France"
2014-W35,201435,4,FR,"France"
2014-W34,201434,4,FR,"France"
2014-W33,201433,4,FR,"France"
2014-W32,201432,5,FR,"France"
2014-W31,201431,6,FR,"France"
2014-W30,201430,7,FR,"France"
2014-W29,201429,8,FR,"France"
2014-W28,201428,6,FR,"France"
2014-W27,201427,8,FR,"France"
2014-W26,201426,6,FR,"France"
2014-W25,201425,7,FR,"France"
2014-W24,201424,3,FR,"France"
2014-W23,201423,8,FR,"France"
2014-W22,201422,11,FR,"France"
2014-W21,201421,7,FR,"France"
2014-W20,201420,9,FR,"France"
2014-W19,201419,6,FR,"France"
2014-W18,201418,7,FR,"France"
2014-W17,201417,5,FR,"France"
2014-W16,201416,11,FR,"France"
2014-W15,201415,17,FR,"France"
2014-W14,201414,30,FR,"France"
2014-W13,201413,34,FR,"France"
2014-W12,201412,37,FR,"France"
2014-W11,201411,69,FR,"France"
2014-W10,201410,134,FR,"France"
2014-W09,201409,229,FR,"France"
2014-W08,201408,293,FR,"France"
2014-W07,201407,325,FR,"France"
2014-W06,201406,250,FR,"France"
2014-W05,201405,187,FR,"France"
2014-W04,201404,133,FR,"France"
2014-W03,201403,100,FR,"France"
2014-W02,201402,73,FR,"France"
2014-W01,201401,55,FR,"France"
2013-W52,201352,47,FR,"France"
2013-W51,201351,47,FR,"France"
2013-W50,201350,38,FR,"France"
2013-W49,201349,28,FR,"France"
2013-W48,201348,28,FR,"France"
2013-W47,201347,35,FR,"France"
2013-W46,201346,21,FR,"France"
2013-W45,201345,17,FR,"France"
2013-W44,201344,16,FR,"France"
2013-W43,201343,25,FR,"France"
2013-W42,201342,23,FR,"France"
2013-W41,201341,19,FR,"France"
2013-W40,201340,15,FR,"France"
2013-W39,201339,8,FR,"France"
2013-W38,201338,15,FR,"France"
2013-W37,201337,8,FR,"France"
2013-W36,201336,7,FR,"France"
2013-W35,201335,2,FR,"France"
2013-W34,201334,3,FR,"France"
2013-W33,201333,7,FR,"France"
2013-W32,201332,7,FR,"France"
2013-W31,201331,4,FR,"France"
2013-W30,201330,3,FR,"France"
2013-W29,201329,3,FR,"France"
2013-W28,201328,2,FR,"France"
2013-W27,201327,7,FR,"France"
2013-W26,201326,5,FR,"France"
2013-W25,201325,4,FR,"France"
2013-W24,201324,11,FR,"France"
2013-W23,201323,25,FR,"France"
2013-W22,201322,11,FR,"France"
2013-W21,201321,9,FR,"France"
2013-W20,201320,6,FR,"France"
2013-W19,201319,2,FR,"France"
2013-W18,201318,5,FR,"France"
2013-W17,201317,12,FR,"France"
2013-W16,201316,15,FR,"France"
2013-W15,201315,30,FR,"France"
2013-W14,201314,58,FR,"France"
2013-W13,201313,68,FR,"France"
2013-W12,201312,95,FR,"France"
2013-W11,201311,132,FR,"France"
2013-W10,201310,259,FR,"France"
2013-W09,201309,407,FR,"France"
2013-W08,201308,550,FR,"France"
2013-W07,201307,736,FR,"France"
2013-W06,201306,738,FR,"France"
2013-W05,201305,770,FR,"France"
2013-W04,201304,613,FR,"France"
2013-W03,201303,352,FR,"France"
2013-W02,201302,288,FR,"France"
2013-W01,201301,256,FR,"France"
2012-W52,201252,251,FR,"France"
2012-W51,201251,179,FR,"France"
2012-W50,201250,126,FR,"France"
2012-W49,201249,75,FR,"France"
2012-W48,201248,68,FR,"France"
2012-W47,201247,62,FR,"France"
2012-W46,201246,42,FR,"France"
2012-W45,201245,30,FR,"France"
2012-W44,201244,21,FR,"France"
2012-W43,201243,28,FR,"France"
2012-W42,201242,21,FR,"France"
2012-W41,201241,29,FR,"France"
2012-W40,201240,28,FR,"France"
2012-W39,201239,32,FR,"France"
2012-W38,201238,23,FR,"France"
2012-W37,201237,12,FR,"France"
2012-W36,201236,10,FR,"France"
2012-W35,201235,13,FR,"France"
2012-W34,201234,6,FR,"France"
2012-W33,201233,10,FR,"France"
2012-W32,201232,10,FR,"France"
2012-W31,201231,4,FR,"France"
2012-W30,201230,3,FR,"France"
2012-W29,201229,10,FR,"France"
2012-W28,201228,7,FR,"France"
2012-W27,201227,7,FR,"France"
2012-W26,201226,8,FR,"France"
2012-W25,201225,4,FR,"France"
2012-W24,201224,9,FR,"France"
2012-W23,201223,4,FR,"France"
2012-W22,201222,9,FR,"France"
2012-W21,201221,6,FR,"France"
2012-W20,201220,4,FR,"France"
2012-W19,201219,5,FR,"France"
2012-W18,201218,4,FR,"France"
2012-W17,201217,11,FR,"France"
2012-W16,201216,18,FR,"France"
2012-W15,201215,32,FR,"France"
2012-W14,201214,58,FR,"France"
2012-W13,201213,99,FR,"France"
2012-W12,201212,133,FR,"France"
2012-W11,201211,203,FR,"France"
2012-W10,201210,275,FR,"France"
2012-W09,201209,355,FR,"France"
2012-W08,201208,452,FR,"France"
2012-W07,201207,415,FR,"France"
2012-W06,201206,276,FR,"France"
2012-W05,201205,167,FR,"France"
2012-W04,201204,107,FR,"France"
2012-W03,201203,78,FR,"France"
2012-W02,201202,64,FR,"France"
2012-W01,201201,71,FR,"France"
2011-W52,201152,58,FR,"France"
2011-W51,201151,41,FR,"France"
2011-W50,201150,38,FR,"France"
2011-W49,201149,43,FR,"France"
2011-W48,201148,51,FR,"France"
2011-W47,201147,28,FR,"France"
2011-W46,201146,35,FR,"France"
2011-W45,201145,29,FR,"France"
2011-W44,201144,22,FR,"France"
2011-W43,201143,34,FR,"France"
2011-W42,201142,27,FR,"France"
2011-W41,201141,12,FR,"France"
2011-W40,201140,22,FR,"France"
2011-W39,201139,27,FR,"France"
2011-W38,201138,22,FR,"France"
2011-W37,201137,13,FR,"France"
2011-W36,201136,7,FR,"France"
2011-W35,201135,7,FR,"France"
2011-W34,201134,5,FR,"France"
2011-W33,201133,4,FR,"France"
2011-W32,201132,4,FR,"France"
2011-W31,201131,4,FR,"France"
2011-W30,201130,6,FR,"France"
2011-W29,201129,4,FR,"France"
2011-W28,201128,3,FR,"France"
2011-W27,201127,6,FR,"France"
2011-W26,201126,2,FR,"France"
2011-W25,201125,6,FR,"France"
2011-W24,201124,6,FR,"France"
2011-W23,201123,5,FR,"France"
2011-W22,201122,5,FR,"France"
2011-W21,201121,4,FR,"France"
2011-W20,201120,6,FR,"France"
2011-W19,201119,9,FR,"France"
2011-W18,201118,8,FR,"France"
2011-W17,201117,4,FR,"France"
2011-W16,201116,8,FR,"France"
2011-W15,201115,10,FR,"France"
2011-W14,201114,12,FR,"France"
2011-W13,201113,14,FR,"France"
2011-W12,201112,20,FR,"France"
2011-W11,201111,23,FR,"France"
2011-W10,201110,53,FR,"France"
2011-W09,201109,86,FR,"France"
2011-W08,201108,124,FR,"France"
2011-W07,201107,236,FR,"France"
2011-W06,201106,343,FR,"France"
2011-W05,201105,440,FR,"France"
2011-W04,201104,440,FR,"France"
2011-W03,201103,437,FR,"France"
2011-W02,201102,489,FR,"France"
2011-W01,201101,490,FR,"France"
2010-W52,201052,363,FR,"France"
2010-W51,201051,253,FR,"France"
2010-W50,201050,167,FR,"France"
2010-W49,201049,88,FR,"France"
2010-W48,201048,59,FR,"France"
2010-W47,201047,42,FR,"France"
2010-W46,201046,25,FR,"France"
2010-W45,201045,14,FR,"France"
2010-W44,201044,25,FR,"France"
2010-W43,201043,25,FR,"France"
2010-W42,201042,30,FR,"France"
2010-W41,201041,28,FR,"France"
2010-W40,201040,29,FR,"France"
2010-W39,201039,19,FR,"France"
2010-W38,201038,14,FR,"France"
2010-W37,201037,8,FR,"France"
2010-W36,201036,8,FR,"France"
2010-W35,201035,7,FR,"France"
2010-W34,201034,8,FR,"France"
2010-W33,201033,5,FR,"France"
2010-W32,201032,1,FR,"France"
2010-W31,201031,4,FR,"France"
2010-W30,201030,6,FR,"France"
2010-W29,201029,7,FR,"France"
2010-W28,201028,2,FR,"France"
2010-W27,201027,4,FR,"France"
2010-W26,201026,9,FR,"France"
2010-W25,201025,13,FR,"France"
2010-W24,201024,6,FR,"France"
2010-W23,201023,6,FR,"France"
2010-W22,201022,10,FR,"France"
2010-W21,201021,6,FR,"France"
2010-W20,201020,4,FR,"France"
2010-W19,201019,4,FR,"France"
2010-W18,201018,7,FR,"France"
2010-W17,201017,4,FR,"France"
2010-W16,201016,6,FR,"France"
2010-W15,201015,6,FR,"France"
2010-W14,201014,10,FR,"France"
2010-W13,201013,11,FR,"France"
2010-W12,201012,11,FR,"France"
2010-W11,201011,14,FR,"France"
2010-W10,201010,14,FR,"France"
2010-W09,201009,19,FR,"France"
2010-W08,201008,25,FR,"France"
2010-W07,201007,31,FR,"France"
2010-W06,201006,44,FR,"France"
2010-W05,201005,35,FR,"France"
2010-W04,201004,54,FR,"France"
2010-W03,201003,58,FR,"France"
2010-W02,201002,65,FR,"France"
2010-W01,201001,106,FR,"France"
2009-W53,200953,153,FR,"France"
2009-W52,200952,275,FR,"France"
2009-W51,200951,395,FR,"France"
2009-W50,200950,604,FR,"France"
2009-W49,200949,754,FR,"France"
2009-W48,200948,744,FR,"France"
2009-W47,200947,603,FR,"France"
2009-W46,200946,356,FR,"France"
2009-W45,200945,234,FR,"France"
2009-W44,200944,271,FR,"France"
2009-W43,200943,209,FR,"France"
2009-W42,200942,158,FR,"France"
2009-W41,200941,160,FR,"France"
2009-W40,200940,178,FR,"France"
2009-W39,200939,193,FR,"France"
2009-W38,200938,220,FR,"France"
2009-W37,200937,161,FR,"France"
2009-W36,200936,73,FR,"France"
2009-W35,200935,50,FR,"France"
2009-W34,200934,40,FR,"France"
2009-W33,200933,39,FR,"France"
2009-W32,200932,37,FR,"France"
2009-W31,200931,48,FR,"France"
2009-W30,200930,22,FR,"France"
2009-W29,200929,17,FR,"France"
2009-W28,200928,25,FR,"France"
2009-W27,200927,16,FR,"France"
2009-W26,200926,16,FR,"France"
2009-W25,200925,12,FR,"France"
2009-W24,200924,12,FR,"France"
2009-W23,200923,7,FR,"France"
2009-W22,200922,10,FR,"France"
2009-W21,200921,11,FR,"France"
2009-W20,200920,15,FR,"France"
2009-W19,200919,12,FR,"France"
2009-W18,200918,15,FR,"France"
2009-W17,200917,15,FR,"France"
2009-W16,200916,23,FR,"France"
2009-W15,200915,28,FR,"France"
2009-W14,200914,42,FR,"France"
2009-W13,200913,44,FR,"France"
2009-W12,200912,62,FR,"France"
2009-W11,200911,64,FR,"France"
2009-W10,200910,85,FR,"France"
2009-W09,200909,112,FR,"France"
2009-W08,200908,174,FR,"France"
2009-W07,200907,225,FR,"France"
2009-W06,200906,440,FR,"France"
2009-W05,200905,640,FR,"France"
2009-W04,200904,868,FR,"France"
2009-W03,200903,829,FR,"France"
2009-W02,200902,457,FR,"France"
2009-W01,200901,319,FR,"France"
2008-W52,200852,323,FR,"France"
2008-W51,200851,184,FR,"France"
2008-W50,200850,84,FR,"France"
2008-W49,200849,57,FR,"France"
2008-W48,200848,42,FR,"France"
2008-W47,200847,30,FR,"France"
2008-W46,200846,18,FR,"France"
2008-W45,200845,20,FR,"France"
2008-W44,200844,16,FR,"France"
2008-W43,200843,15,FR,"France"
2008-W42,200842,15,FR,"France"
2008-W41,200841,16,FR,"France"
2008-W40,200840,13,FR,"France"
2008-W39,200839,4,FR,"France"
2008-W38,200838,6,FR,"France"
2008-W37,200837,4,FR,"France"
2008-W36,200836,4,FR,"France"
2008-W35,200835,3,FR,"France"
2008-W34,200834,4,FR,"France"
2008-W33,200833,12,FR,"France"
2008-W32,200832,7,FR,"France"
2008-W31,200831,6,FR,"France"
2008-W30,200830,6,FR,"France"
2008-W29,200829,3,FR,"France"
2008-W28,200828,5,FR,"France"
2008-W27,200827,5,FR,"France"
2008-W26,200826,1,FR,"France"
2008-W25,200825,3,FR,"France"
2008-W24,200824,5,FR,"France"
2008-W23,200823,5,FR,"France"
2008-W22,200822,3,FR,"France"
2008-W21,200821,6,FR,"France"
2008-W20,200820,11,FR,"France"
2008-W19,200819,8,FR,"France"
2008-W18,200818,9,FR,"France"
2008-W17,200817,17,FR,"France"
2008-W16,200816,19,FR,"France"
2008-W15,200815,37,FR,"France"
2008-W14,200814,74,FR,"France"
2008-W13,200813,63,FR,"France"
2008-W12,200812,87,FR,"France"
2008-W11,200811,101,FR,"France"
2008-W10,200810,147,FR,"France"
2008-W09,200809,195,FR,"France"
2008-W08,200808,324,FR,"France"
2008-W07,200807,467,FR,"France"
2008-W06,200806,615,FR,"France"
2008-W05,200805,561,FR,"France"
2008-W04,200804,473,FR,"France"
2008-W03,200803,424,FR,"France"
2008-W02,200802,262,FR,"France"
2008-W01,200801,167,FR,"France"
2007-W52,200752,141,FR,"France"
2007-W51,200751,101,FR,"France"
2007-W50,200750,74,FR,"France"
2007-W49,200749,63,FR,"France"
2007-W48,200748,79,FR,"France"
2007-W47,200747,50,FR,"France"
2007-W46,200746,30,FR,"France"
2007-W45,200745,25,FR,"France"
2007-W44,200744,23,FR,"France"
2007-W43,200743,26,FR,"France"
2007-W42,200742,33,FR,"France"
2007-W41,200741,21,FR,"France"
2007-W40,200740,22,FR,"France"
2007-W39,200739,26,FR,"France"
2007-W38,200738,8,FR,"France"
2007-W37,200737,2,FR,"France"
2007-W36,200736,2,FR,"France"
2007-W35,200735,2,FR,"France"
2007-W34,200734,5,FR,"France"
2007-W33,200733,7,FR,"France"
2007-W32,200732,0,FR,"France"
2007-W31,200731,3,FR,"France"
2007-W30,200730,4,FR,"France"
2007-W29,200729,6,FR,"France"
2007-W28,200728,2,FR,"France"
2007-W27,200727,2,FR,"France"
2007-W26,200726,0,FR,"France"
2007-W25,200725,6,FR,"France"
2007-W24,200724,5,FR,"France"
2007-W23,200723,9,FR,"France"
2007-W22,200722,13,FR,"France"
2007-W21,200721,7,FR,"France"
2007-W20,200720,10,FR,"France"
2007-W19,200719,5,FR,"France"
2007-W18,200718,4,FR,"France"
2007-W17,200717,8,FR,"France"
2007-W16,200716,6,FR,"France"
2007-W15,200715,8,FR,"France"
2007-W14,200714,19,FR,"France"
2007-W13,200713,35,FR,"France"
2007-W12,200712,41,FR,"France"
2007-W11,200711,50,FR,"France"
2007-W10,200710,81,FR,"France"
2007-W09,200709,226,FR,"France"
2007-W08,200708,516,FR,"France"
2007-W07,200707,681,FR,"France"
2007-W06,200706,815,FR,"France"
2007-W05,200705,612,FR,"France"
2007-W04,200704,342,FR,"France"
2007-W03,200703,206,FR,"France"
2007-W02,200702,135,FR,"France"
2007-W01,200701,115,FR,"France"
2006-W52,200652,128,FR,"France"
2006-W51,200651,103,FR,"France"
2006-W50,200650,58,FR,"France"
2006-W49,200649,31,FR,"France"
2006-W48,200648,27,FR,"France"
2006-W47,200647,26,FR,"France"
2006-W46,200646,23,FR,"France"
2006-W45,200645,20,FR,"France"
2006-W44,200644,13,FR,"France"
2006-W43,200643,35,FR,"France"
2006-W42,200642,27,FR,"France"
2006-W41,200641,23,FR,"France"
2006-W40,200640,20,FR,"France"
2006-W39,200639,15,FR,"France"
2006-W38,200638,4,FR,"France"
2006-W37,200637,3,FR,"France"
2006-W36,200636,2,FR,"France"
2006-W35,200635,4,FR,"France"
2006-W34,200634,3,FR,"France"
2006-W33,200633,0,FR,"France"
2006-W32,200632,0,FR,"France"
2006-W31,200631,3,FR,"France"
2006-W30,200630,1,FR,"France"
2006-W29,200629,2,FR,"France"
2006-W28,200628,1,FR,"France"
2006-W27,200627,2,FR,"France"
2006-W26,200626,7,FR,"France"
2006-W25,200625,10,FR,"France"
2006-W24,200624,7,FR,"France"
2006-W23,200623,7,FR,"France"
2006-W22,200622,10,FR,"France"
2006-W21,200621,8,FR,"France"
2006-W20,200620,15,FR,"France"
2006-W19,200619,8,FR,"France"
2006-W18,200618,7,FR,"France"
2006-W17,200617,29,FR,"France"
2006-W16,200616,36,FR,"France"
2006-W15,200615,44,FR,"France"
2006-W14,200614,66,FR,"France"
2006-W13,200613,126,FR,"France"
2006-W12,200612,177,FR,"France"
2006-W11,200611,201,FR,"France"
2006-W10,200610,204,FR,"France"
2006-W09,200609,269,FR,"France"
2006-W08,200608,326,FR,"France"
2006-W07,200607,400,FR,"France"
2006-W06,200606,421,FR,"France"
2006-W05,200605,303,FR,"France"
2006-W04,200604,171,FR,"France"
2006-W03,200603,109,FR,"France"
2006-W02,200602,64,FR,"France"
2006-W01,200601,57,FR,"France"
2005-W52,200552,53,FR,"France"
2005-W51,200551,67,FR,"France"
2005-W50,200550,61,FR,"France"
2005-W49,200549,46,FR,"France"
2005-W48,200548,41,FR,"France"
2005-W47,200547,44,FR,"France"
2005-W46,200546,40,FR,"France"
2005-W45,200545,24,FR,"France"
2005-W44,200544,34,FR,"France"
2005-W43,200543,30,FR,"France"
2005-W42,200542,39,FR,"France"
2005-W41,200541,44,FR,"France"
2005-W40,200540,44,FR,"France"
2005-W39,200539,40,FR,"France"
2005-W38,200538,36,FR,"France"
2005-W37,200537,17,FR,"France"
2005-W36,200536,12,FR,"France"
2005-W35,200535,4,FR,"France"
2005-W34,200534,9,FR,"France"
2005-W33,200533,5,FR,"France"
2005-W32,200532,3,FR,"France"
2005-W31,200531,6,FR,"France"
2005-W30,200530,4,FR,"France"
2005-W29,200529,7,FR,"France"
2005-W28,200528,3,FR,"France"
2005-W27,200527,4,FR,"France"
2005-W26,200526,8,FR,"France"
2005-W25,200525,4,FR,"France"
2005-W24,200524,10,FR,"France"
2005-W23,200523,9,FR,"France"
2005-W22,200522,6,FR,"France"
2005-W21,200521,7,FR,"France"
2005-W20,200520,13,FR,"France"
2005-W19,200519,13,FR,"France"
2005-W18,200518,5,FR,"France"
2005-W17,200517,12,FR,"France"
2005-W16,200516,16,FR,"France"
2005-W15,200515,25,FR,"France"
2005-W14,200514,36,FR,"France"
2005-W13,200513,71,FR,"France"
2005-W12,200512,149,FR,"France"
2005-W11,200511,302,FR,"France"
2005-W10,200510,367,FR,"France"
2005-W09,200509,416,FR,"France"
2005-W08,200508,458,FR,"France"
2005-W07,200507,759,FR,"France"
2005-W06,200506,939,FR,"France"
2005-W05,200505,938,FR,"France"
2005-W04,200504,523,FR,"France"
2005-W03,200503,255,FR,"France"
2005-W02,200502,147,FR,"France"
2005-W01,200501,92,FR,"France"
2004-W53,200453,68,FR,"France"
2004-W52,200452,54,FR,"France"
2004-W51,200451,77,FR,"France"
2004-W50,200450,70,FR,"France"
2004-W49,200449,45,FR,"France"
2004-W48,200448,51,FR,"France"
2004-W47,200447,35,FR,"France"
2004-W46,200446,23,FR,"France"
2004-W45,200445,26,FR,"France"
2004-W44,200444,38,FR,"France"
2004-W43,200443,28,FR,"France"
2004-W42,200442,34,FR,"France"
2004-W41,200441,26,FR,"France"
2004-W40,200440,43,FR,"France"
2004-W39,200439,38,FR,"France"
2004-W38,200438,29,FR,"France"
2004-W37,200437,15,FR,"France"
2004-W36,200436,13,FR,"France"
2004-W35,200435,7,FR,"France"
2004-W34,200434,7,FR,"France"
2004-W33,200433,3,FR,"France"
2004-W32,200432,6,FR,"France"
2004-W31,200431,5,FR,"France"
2004-W30,200430,6,FR,"France"
2004-W29,200429,9,FR,"France"
2004-W28,200428,11,FR,"France"
2004-W27,200427,12,FR,"France"
2004-W26,200426,12,FR,"France"
2004-W25,200425,5,FR,"France"
2004-W24,200424,11,FR,"France"
2004-W23,200423,16,FR,"France"
2004-W22,200422,13,FR,"France"
2004-W21,200421,13,FR,"France"
2004-W20,200420,13,FR,"France"
2004-W19,200419,12,FR,"France"
2004-W18,200418,8,FR,"France"
2004-W17,200417,6,FR,"France"
2004-W16,200416,9,FR,"France"
2004-W15,200415,14,FR,"France"
2004-W14,200414,26,FR,"France"
2004-W13,200413,14,FR,"France"
2004-W12,200412,21,FR,"France"
2004-W11,200411,23,FR,"France"
2004-W10,200410,37,FR,"France"
2004-W09,200409,21,FR,"France"
2004-W08,200408,29,FR,"France"
2004-W07,200407,42,FR,"France"
2004-W06,200406,46,FR,"France"
2004-W05,200405,58,FR,"France"
2004-W04,200404,74,FR,"France"
2004-W03,200403,100,FR,"France"
2004-W02,200402,158,FR,"France"
2004-W01,200401,181,FR,"France"
2003-W52,200352,121,FR,"France"
2003-W51,200351,744,FR,"France"
2003-W50,200350,873,FR,"France"
2003-W49,200349,928,FR,"France"
2003-W48,200348,860,FR,"France"
2003-W47,200347,556,FR,"France"
2003-W46,200346,244,FR,"France"
2003-W45,200345,160,FR,"France"
2003-W44,200344,91,FR,"France"
2003-W43,200343,77,FR,"France"
2003-W42,200342,65,FR,"France"
2003-W41,200341,49,FR,"France"
2003-W40,200340,52,FR,"France"
2003-W39,200339,44,FR,"France"
2003-W38,200338,25,FR,"France"
2003-W37,200337,25,FR,"France"
2003-W36,200336,18,FR,"France"
2003-W35,200335,3,FR,"France"
2003-W34,200334,4,FR,"France"
2003-W33,200333,3,FR,"France"
2003-W32,200332,3,FR,"France"
2003-W31,200331,9,FR,"France"
2003-W30,200330,5,FR,"France"
2003-W29,200329,11,FR,"France"
2003-W28,200328,7,FR,"France"
2003-W27,200327,4,FR,"France"
2003-W26,200326,9,FR,"France"
2003-W25,200325,4,FR,"France"
2003-W24,200324,14,FR,"France"
2003-W23,200323,8,FR,"France"
2003-W22,200322,4,FR,"France"
2003-W21,200321,9,FR,"France"
2003-W20,200320,13,FR,"France"
2003-W19,200319,14,FR,"France"
2003-W18,200318,20,FR,"France"
2003-W17,200317,77,FR,"France"
2003-W16,200316,85,FR,"France"
2003-W15,200315,116,FR,"France"
2003-W14,200314,117,FR,"France"
2003-W13,200313,118,FR,"France"
2003-W12,200312,148,FR,"France"
2003-W11,200311,167,FR,"France"
2003-W10,200310,203,FR,"France"
2003-W09,200309,296,FR,"France"
2003-W08,200308,372,FR,"France"
2003-W07,200307,396,FR,"France"
2003-W06,200306,346,FR,"France"
2003-W05,200305,254,FR,"France"
2003-W04,200304,159,FR,"France"
2003-W03,200303,85,FR,"France"
2003-W02,200302,53,FR,"France"
2003-W01,200301,52,FR,"France"
2002-W52,200252,79,FR,"France"
2002-W51,200251,80,FR,"France"
2002-W50,200250,59,FR,"France"
2002-W49,200249,41,FR,"France"
2002-W48,200248,33,FR,"France"
2002-W47,200247,28,FR,"France"
2002-W46,200246,21,FR,"France"
2002-W45,200245,32,FR,"France"
2002-W44,200244,30,FR,"France"
2002-W43,200243,24,FR,"France"
2002-W42,200242,23,FR,"France"
2002-W41,200241,19,FR,"France"
2002-W40,200240,14,FR,"France"
2002-W39,200239,27,FR,"France"
2002-W38,200238,12,FR,"France"
2002-W37,200237,21,FR,"France"
2002-W36,200236,3,FR,"France"
2002-W35,200235,4,FR,"France"
2002-W34,200234,5,FR,"France"
2002-W33,200233,4,FR,"France"
2002-W32,200232,2,FR,"France"
2002-W31,200231,9,FR,"France"
2002-W30,200230,6,FR,"France"
2002-W29,200229,9,FR,"France"
2002-W28,200228,11,FR,"France"
2002-W27,200227,3,FR,"France"
2002-W26,200226,8,FR,"France"
2002-W25,200225,8,FR,"France"
2002-W24,200224,20,FR,"France"
2002-W23,200223,26,FR,"France"
2002-W22,200222,8,FR,"France"
2002-W21,200221,10,FR,"France"
2002-W20,200220,6,FR,"France"
2002-W19,200219,10,FR,"France"
2002-W18,200218,10,FR,"France"
2002-W17,200217,12,FR,"France"
2002-W16,200216,30,FR,"France"
2002-W15,200215,36,FR,"France"
2002-W14,200214,40,FR,"France"
2002-W13,200213,46,FR,"France"
2002-W12,200212,56,FR,"France"
2002-W11,200211,68,FR,"France"
2002-W10,200210,72,FR,"France"
2002-W09,200209,107,FR,"France"
2002-W08,200208,197,FR,"France"
2002-W07,200207,286,FR,"France"
2002-W06,200206,546,FR,"France"
2002-W05,200205,767,FR,"France"
2002-W04,200204,848,FR,"France"
2002-W03,200203,645,FR,"France"
2002-W02,200202,410,FR,"France"
2002-W01,200201,194,FR,"France"
2001-W52,200152,98,FR,"France"
2001-W51,200151,78,FR,"France"
2001-W50,200150,53,FR,"France"
2001-W49,200149,59,FR,"France"
2001-W48,200148,73,FR,"France"
2001-W47,200147,46,FR,"France"
2001-W46,200146,36,FR,"France"
2001-W45,200145,35,FR,"France"
2001-W44,200144,19,FR,"France"
2001-W43,200143,39,FR,"France"
2001-W42,200142,32,FR,"France"
2001-W41,200141,34,FR,"France"
2001-W40,200140,31,FR,"France"
2001-W39,200139,43,FR,"France"
2001-W38,200138,16,FR,"France"
2001-W37,200137,14,FR,"France"
2001-W36,200136,8,FR,"France"
2001-W35,200135,7,FR,"France"
2001-W34,200134,5,FR,"France"
2001-W33,200133,0,FR,"France"
2001-W32,200132,0,FR,"France"
2001-W31,200131,32,FR,"France"
2001-W30,200130,4,FR,"France"
2001-W29,200129,4,FR,"France"
2001-W28,200128,6,FR,"France"
2001-W27,200127,8,FR,"France"
2001-W26,200126,6,FR,"France"
2001-W25,200125,4,FR,"France"
2001-W24,200124,8,FR,"France"
2001-W23,200123,11,FR,"France"
2001-W22,200122,8,FR,"France"
2001-W21,200121,15,FR,"France"
2001-W20,200120,26,FR,"France"
2001-W19,200119,29,FR,"France"
2001-W18,200118,36,FR,"France"
2001-W17,200117,44,FR,"France"
2001-W16,200116,41,FR,"France"
2001-W15,200115,41,FR,"France"
2001-W14,200114,68,FR,"France"
2001-W13,200113,82,FR,"France"
2001-W12,200112,77,FR,"France"
2001-W11,200111,84,FR,"France"
2001-W10,200110,79,FR,"France"
2001-W09,200109,99,FR,"France"
2001-W08,200108,131,FR,"France"
2001-W07,200107,215,FR,"France"
2001-W06,200106,382,FR,"France"
2001-W05,200105,471,FR,"France"
2001-W04,200104,354,FR,"France"
2001-W03,200103,236,FR,"France"
2001-W02,200102,178,FR,"France"
2001-W01,200101,167,FR,"France"
2000-W52,200052,244,FR,"France"
2000-W51,200051,213,FR,"France"
2000-W50,200050,169,FR,"France"
2000-W49,200049,126,FR,"France"
2000-W48,200048,74,FR,"France"
2000-W47,200047,110,FR,"France"
2000-W46,200046,35,FR,"France"
2000-W45,200045,43,FR,"France"
2000-W44,200044,28,FR,"France"
2000-W43,200043,63,FR,"France"
2000-W42,200042,70,FR,"France"
2000-W41,200041,68,FR,"France"
2000-W40,200040,46,FR,"France"
2000-W39,200039,33,FR,"France"
2000-W38,200038,13,FR,"France"
2000-W37,200037,4,FR,"France"
2000-W36,200036,5,FR,"France"
2000-W35,200035,10,FR,"France"
2000-W34,200034,9,FR,"France"
2000-W33,200033,3,FR,"France"
2000-W32,200032,2,FR,"France"
2000-W31,200031,4,FR,"France"
2000-W30,200030,0,FR,"France"
2000-W29,200029,3,FR,"France"
2000-W28,200028,2,FR,"France"
2000-W27,200027,4,FR,"France"
2000-W26,200026,3,FR,"France"
2000-W25,200025,7,FR,"France"
2000-W24,200024,9,FR,"France"
2000-W23,200023,15,FR,"France"
2000-W22,200022,8,FR,"France"
2000-W21,200021,7,FR,"France"
2000-W20,200020,8,FR,"France"
2000-W19,200019,24,FR,"France"
2000-W18,200018,9,FR,"France"
2000-W17,200017,12,FR,"France"
2000-W16,200016,9,FR,"France"
2000-W15,200015,20,FR,"France"
2000-W14,200014,19,FR,"France"
2000-W13,200013,15,FR,"France"
2000-W12,200012,12,FR,"France"
2000-W11,200011,21,FR,"France"
2000-W10,200010,15,FR,"France"
2000-W09,200009,25,FR,"France"
2000-W08,200008,40,FR,"France"
2000-W07,200007,101,FR,"France"
2000-W06,200006,249,FR,"France"
2000-W05,200005,445,FR,"France"
2000-W04,200004,637,FR,"France"
2000-W03,200003,824,FR,"France"
2000-W02,200002,886,FR,"France"
2000-W01,200001,922,FR,"France"
1999-W52,199952,663,FR,"France"
1999-W51,199951,465,FR,"France"
1999-W50,199950,310,FR,"France"
1999-W49,199949,192,FR,"France"
1999-W48,199948,100,FR,"France"
1999-W47,199947,61,FR,"France"
1999-W46,199946,15,FR,"France"
1999-W45,199945,30,FR,"France"
1999-W44,199944,31,FR,"France"
1999-W43,199943,31,FR,"France"
1999-W42,199942,33,FR,"France"
1999-W41,199941,43,FR,"France"
1999-W40,199940,41,FR,"France"
1999-W39,199939,49,FR,"France"
1999-W38,199938,21,FR,"France"
1999-W37,199937,13,FR,"France"
1999-W36,199936,14,FR,"France"
1999-W35,199935,6,FR,"France"
1999-W34,199934,13,FR,"France"
1999-W33,199933,17,FR,"France"
1999-W32,199932,12,FR,"France"
1999-W31,199931,5,FR,"France"
1999-W30,199930,3,FR,"France"
1999-W29,199929,7,FR,"France"
1999-W28,199928,6,FR,"France"
1999-W27,199927,9,FR,"France"
1999-W26,199926,6,FR,"France"
1999-W25,199925,9,FR,"France"
1999-W24,199924,7,FR,"France"
1999-W23,199923,9,FR,"France"
1999-W22,199922,8,FR,"France"
1999-W21,199921,7,FR,"France"
1999-W20,199920,10,FR,"France"
1999-W19,199919,11,FR,"France"
1999-W18,199918,5,FR,"France"
1999-W17,199917,5,FR,"France"
1999-W16,199916,13,FR,"France"
1999-W15,199915,20,FR,"France"
1999-W14,199914,32,FR,"France"
1999-W13,199913,66,FR,"France"
1999-W12,199912,99,FR,"France"
1999-W11,199911,156,FR,"France"
1999-W10,199910,253,FR,"France"
1999-W09,199909,355,FR,"France"
1999-W08,199908,536,FR,"France"
1999-W07,199907,896,FR,"France"
1999-W06,199906,844,FR,"France"
1999-W05,199905,815,FR,"France"
1999-W04,199904,630,FR,"France"
1999-W03,199903,414,FR,"France"
1999-W02,199902,275,FR,"France"
1999-W01,199901,222,FR,"France"
1998-W53,199853,185,FR,"France"
1998-W52,199852,124,FR,"France"
1998-W51,199851,134,FR,"France"
1998-W50,199850,94,FR,"France"
1998-W49,199849,57,FR,"France"
1998-W48,199848,39,FR,"France"
1998-W47,199847,25,FR,"France"
1998-W46,199846,24,FR,"France"
1998-W45,199845,22,FR,"France"
1998-W44,199844,22,FR,"France"
1998-W43,199843,21,FR,"France"
1998-W42,199842,32,FR,"France"
1998-W41,199841,42,FR,"France"
1998-W40,199840,35,FR,"France"
1998-W39,199839,29,FR,"France"
1998-W38,199838,19,FR,"France"
1998-W37,199837,12,FR,"France"
1998-W36,199836,5,FR,"France"
1998-W35,199835,4,FR,"France"
1998-W34,199834,7,FR,"France"
1998-W33,199833,5,FR,"France"
1998-W32,199832,2,FR,"France"
1998-W31,199831,21,FR,"France"
1998-W30,199830,9,FR,"France"
1998-W29,199829,11,FR,"France"
1998-W28,199828,16,FR,"France"
1998-W27,199827,21,FR,"France"
1998-W26,199826,18,FR,"France"
1998-W25,199825,31,FR,"France"
1998-W24,199824,28,FR,"France"
1998-W23,199823,15,FR,"France"
1998-W22,199822,9,FR,"France"
1998-W21,199821,8,FR,"France"
1998-W20,199820,21,FR,"France"
1998-W19,199819,41,FR,"France"
1998-W18,199818,54,FR,"France"
1998-W17,199817,105,FR,"France"
1998-W16,199816,211,FR,"France"
1998-W15,199815,294,FR,"France"
1998-W14,199814,547,FR,"France"
1998-W13,199813,512,FR,"France"
1998-W12,199812,452,FR,"France"
1998-W11,199811,378,FR,"France"
1998-W10,199810,347,FR,"France"
1998-W09,199809,390,FR,"France"
1998-W08,199808,465,FR,"France"
1998-W07,199807,326,FR,"France"
1998-W06,199806,151,FR,"France"
1998-W05,199805,77,FR,"France"
1998-W04,199804,51,FR,"France"
1998-W03,199803,41,FR,"France"
1998-W02,199802,53,FR,"France"
1998-W01,199801,43,FR,"France"
1997-W52,199752,50,FR,"France"
1997-W51,199751,60,FR,"France"
1997-W50,199750,58,FR,"France"
1997-W49,199749,27,FR,"France"
1997-W48,199748,20,FR,"France"
1997-W47,199747,19,FR,"France"
1997-W46,199746,14,FR,"France"
1997-W45,199745,31,FR,"France"
1997-W44,199744,34,FR,"France"
1997-W43,199743,29,FR,"France"
1997-W42,199742,26,FR,"France"
1997-W41,199741,29,FR,"France"
1997-W40,199740,23,FR,"France"
1997-W39,199739,18,FR,"France"
1997-W38,199738,6,FR,"France"
1997-W37,199737,8,FR,"France"
1997-W36,199736,9,FR,"France"
1997-W35,199735,3,FR,"France"
1997-W34,199734,6,FR,"France"
1997-W33,199733,3,FR,"France"
1997-W32,199732,4,FR,"France"
1997-W31,199731,2,FR,"France"
1997-W30,199730,4,FR,"France"
1997-W29,199729,3,FR,"France"
1997-W28,199728,3,FR,"France"
1997-W27,199727,4,FR,"France"
1997-W26,199726,10,FR,"France"
1997-W25,199725,7,FR,"France"
1997-W24,199724,8,FR,"France"
1997-W23,199723,8,FR,"France"
1997-W22,199722,4,FR,"France"
1997-W21,199721,4,FR,"France"
1997-W20,199720,6,FR,"France"
1997-W19,199719,8,FR,"France"
1997-W18,199718,9,FR,"France"
1997-W17,199717,24,FR,"France"
1997-W16,199716,21,FR,"France"
1997-W15,199715,16,FR,"France"
1997-W14,199714,23,FR,"France"
1997-W13,199713,31,FR,"France"
1997-W12,199712,30,FR,"France"
1997-W11,199711,34,FR,"France"
1997-W10,199710,38,FR,"France"
1997-W09,199709,51,FR,"France"
1997-W08,199708,95,FR,"France"
1997-W07,199707,122,FR,"France"
1997-W06,199706,132,FR,"France"
1997-W05,199705,165,FR,"France"
1997-W04,199704,167,FR,"France"
1997-W03,199703,248,FR,"France"
1997-W02,199702,364,FR,"France"
1997-W01,199701,483,FR,"France"
1996-W52,199652,670,FR,"France"
1996-W51,199651,1106,FR,"France"
1996-W50,199650,924,FR,"France"
1996-W49,199649,710,FR,"France"
1996-W48,199648,338,FR,"France"
1996-W47,199647,124,FR,"France"
1996-W46,199646,55,FR,"France"
1996-W45,199645,44,FR,"France"
1996-W44,199644,19,FR,"France"
1996-W43,199643,22,FR,"France"
1996-W42,199642,21,FR,"France"
1996-W41,199641,17,FR,"France"
1996-W40,199640,19,FR,"France"
1996-W39,199639,14,FR,"France"
1996-W38,199638,16,FR,"France"
1996-W37,199637,5,FR,"France"
1996-W36,199636,2,FR,"France"
1996-W35,199635,3,FR,"France"
1996-W34,199634,2,FR,"France"
1996-W33,199633,1,FR,"France"
1996-W32,199632,3,FR,"France"
1996-W31,199631,5,FR,"France"
1996-W30,199630,5,FR,"France"
1996-W29,199629,3,FR,"France"
1996-W28,199628,5,FR,"France"
1996-W27,199627,8,FR,"France"
1996-W26,199626,5,FR,"France"
1996-W25,199625,4,FR,"France"
1996-W24,199624,4,FR,"France"
1996-W23,199623,5,FR,"France"
1996-W22,199622,7,FR,"France"
1996-W21,199621,12,FR,"France"
1996-W20,199620,18,FR,"France"
1996-W19,199619,21,FR,"France"
1996-W18,199618,32,FR,"France"
1996-W17,199617,43,FR,"France"
1996-W16,199616,51,FR,"France"
1996-W15,199615,89,FR,"France"
1996-W14,199614,77,FR,"France"
1996-W13,199613,53,FR,"France"
1996-W12,199612,55,FR,"France"
1996-W11,199611,42,FR,"France"
1996-W10,199610,36,FR,"France"
1996-W09,199609,34,FR,"France"
1996-W08,199608,33,FR,"France"
1996-W07,199607,40,FR,"France"
1996-W06,199606,38,FR,"France"
1996-W05,199605,44,FR,"France"
1996-W04,199604,75,FR,"France"
1996-W03,199603,94,FR,"France"
1996-W02,199602,182,FR,"France"
1996-W01,199601,386,FR,"France"
1995-W52,199552,688,FR,"France"
1995-W51,199551,1299,FR,"France"
1995-W50,199550,1047,FR,"France"
1995-W49,199549,650,FR,"France"
1995-W48,199548,357,FR,"France"
1995-W47,199547,209,FR,"France"
1995-W46,199546,108,FR,"France"
1995-W45,199545,52,FR,"France"
1995-W44,199544,23,FR,"France"
1995-W43,199543,28,FR,"France"
1995-W42,199542,26,FR,"France"
1995-W41,199541,26,FR,"France"
1995-W40,199540,28,FR,"France"
1995-W39,199539,32,FR,"France"
1995-W38,199538,23,FR,"France"
1995-W37,199537,8,FR,"France"
1995-W36,199536,6,FR,"France"
1995-W35,199535,4,FR,"France"
1995-W34,199534,3,FR,"France"
1995-W33,199533,2,FR,"France"
1995-W32,199532,1,FR,"France"
1995-W31,199531,3,FR,"France"
1995-W30,199530,3,FR,"France"
1995-W29,199529,4,FR,"France"
1995-W28,199528,6,FR,"France"
1995-W27,199527,8,FR,"France"
1995-W26,199526,9,FR,"France"
1995-W25,199525,8,FR,"France"
1995-W24,199524,14,FR,"France"
1995-W23,199523,24,FR,"France"
1995-W22,199522,24,FR,"France"
1995-W21,199521,21,FR,"France"
1995-W20,199520,33,FR,"France"
1995-W19,199519,45,FR,"France"
1995-W18,199518,68,FR,"France"
1995-W17,199517,153,FR,"France"
1995-W16,199516,243,FR,"France"
1995-W15,199515,313,FR,"France"
1995-W14,199514,431,FR,"France"
1995-W13,199513,363,FR,"France"
1995-W12,199512,212,FR,"France"
1995-W11,199511,142,FR,"France"
1995-W10,199510,86,FR,"France"
1995-W09,199509,69,FR,"France"
1995-W08,199508,66,FR,"France"
1995-W07,199507,53,FR,"France"
1995-W06,199506,65,FR,"France"
1995-W05,199505,48,FR,"France"
1995-W04,199504,48,FR,"France"
1995-W03,199503,43,FR,"France"
1995-W02,199502,41,FR,"France"
1995-W01,199501,46,FR,"France"
1994-W52,199452,38,FR,"France"
1994-W51,199451,47,FR,"France"
1994-W50,199450,50,FR,"France"
1994-W49,199449,37,FR,"France"
1994-W48,199448,32,FR,"France"
1994-W47,199447,26,FR,"France"
1994-W46,199446,25,FR,"France"
1994-W45,199445,21,FR,"France"
1994-W44,199444,20,FR,"France"
1994-W43,199443,20,FR,"France"
1994-W42,199442,25,FR,"France"
1994-W41,199441,24,FR,"France"
1994-W40,199440,28,FR,"France"
1994-W39,199439,28,FR,"France"
1994-W38,199438,27,FR,"France"
1994-W37,199437,10,FR,"France"
1994-W36,199436,5,FR,"France"
1994-W35,199435,8,FR,"France"
1994-W34,199434,6,FR,"France"
1994-W33,199433,7,FR,"France"
1994-W32,199432,8,FR,"France"
1994-W31,199431,9,FR,"France"
1994-W30,199430,4,FR,"France"
1994-W29,199429,2,FR,"France"
1994-W28,199428,3,FR,"France"
1994-W27,199427,1,FR,"France"
1994-W26,199426,2,FR,"France"
1994-W25,199425,9,FR,"France"
1994-W24,199424,11,FR,"France"
1994-W23,199423,11,FR,"France"
1994-W22,199422,1,FR,"France"
1994-W21,199421,4,FR,"France"
1994-W20,199420,4,FR,"France"
1994-W19,199419,3,FR,"France"
1994-W18,199418,6,FR,"France"
1994-W17,199417,4,FR,"France"
1994-W16,199416,9,FR,"France"
1994-W15,199415,12,FR,"France"
1994-W14,199414,8,FR,"France"
1994-W13,199413,6,FR,"France"
1994-W12,199412,7,FR,"France"
1994-W11,199411,9,FR,"France"
1994-W10,199410,8,FR,"France"
1994-W09,199409,10,FR,"France"
1994-W08,199408,17,FR,"France"
1994-W07,199407,25,FR,"France"
1994-W06,199406,30,FR,"France"
1994-W05,199405,32,FR,"France"
1994-W04,199404,41,FR,"France"
1994-W03,199403,52,FR,"France"
1994-W02,199402,82,FR,"France"
1994-W01,199401,205,FR,"France"
1993-W52,199352,406,FR,"France"
1993-W51,199351,658,FR,"France"
1993-W50,199350,1094,FR,"France"
1993-W49,199349,1565,FR,"France"
1993-W48,199348,920,FR,"France"
1993-W47,199347,421,FR,"France"
1993-W46,199346,133,FR,"France"
1993-W45,199345,56,FR,"France"
1993-W44,199344,31,FR,"France"
1993-W43,199343,26,FR,"France"
1993-W42,199342,33,FR,"France"
1993-W41,199341,32,FR,"France"
1993-W40,199340,24,FR,"France"
1993-W39,199339,26,FR,"France"
1993-W38,199338,18,FR,"France"
1993-W37,199337,12,FR,"France"
1993-W36,199336,8,FR,"France"
1993-W35,199335,10,FR,"France"
1993-W34,199334,5,FR,"France"
1993-W33,199333,6,FR,"France"
1993-W32,199332,7,FR,"France"
1993-W31,199331,7,FR,"France"
1993-W30,199330,7,FR,"France"
1993-W29,199329,6,FR,"France"
1993-W28,199328,3,FR,"France"
1993-W27,199327,4,FR,"France"
1993-W26,199326,5,FR,"France"
1993-W25,199325,15,FR,"France"
1993-W24,199324,12,FR,"France"
1993-W23,199323,13,FR,"France"
1993-W22,199322,6,FR,"France"
1993-W21,199321,10,FR,"France"
1993-W20,199320,9,FR,"France"
1993-W19,199319,8,FR,"France"
1993-W18,199318,9,FR,"France"
1993-W17,199317,14,FR,"France"
1993-W16,199316,43,FR,"France"
1993-W15,199315,39,FR,"France"
1993-W14,199314,67,FR,"France"
1993-W13,199313,110,FR,"France"
1993-W12,199312,111,FR,"France"
1993-W11,199311,140,FR,"France"
1993-W10,199310,223,FR,"France"
1993-W09,199309,321,FR,"France"
1993-W08,199308,389,FR,"France"
1993-W07,199307,433,FR,"France"
1993-W06,199306,500,FR,"France"
1993-W05,199305,446,FR,"France"
1993-W04,199304,337,FR,"France"
1993-W03,199303,258,FR,"France"
1993-W02,199302,157,FR,"France"
1993-W01,199301,131,FR,"France"
1992-W53,199253,99,FR,"France"
1992-W52,199252,87,FR,"France"
1992-W51,199251,72,FR,"France"
1992-W50,199250,70,FR,"France"
1992-W49,199249,69,FR,"France"
1992-W48,199248,57,FR,"France"
1992-W47,199247,46,FR,"France"
1992-W46,199246,40,FR,"France"
1992-W45,199245,39,FR,"France"
1992-W44,199244,48,FR,"France"
1992-W43,199243,44,FR,"France"
1992-W42,199242,52,FR,"France"
1992-W41,199241,42,FR,"France"
1992-W40,199240,31,FR,"France"
1992-W39,199239,24,FR,"France"
1992-W38,199238,17,FR,"France"
1992-W37,199237,13,FR,"France"
1992-W36,199236,9,FR,"France"
1992-W35,199235,11,FR,"France"
1992-W34,199234,5,FR,"France"
1992-W33,199233,7,FR,"France"
1992-W32,199232,9,FR,"France"
1992-W31,199231,7,FR,"France"
1992-W30,199230,5,FR,"France"
1992-W29,199229,6,FR,"France"
1992-W28,199228,7,FR,"France"
1992-W27,199227,10,FR,"France"
1992-W26,199226,10,FR,"France"
1992-W25,199225,9,FR,"France"
1992-W24,199224,10,FR,"France"
1992-W23,199223,7,FR,"France"
1992-W22,199222,9,FR,"France"
1992-W21,199221,9,FR,"France"
1992-W20,199220,8,FR,"France"
1992-W19,199219,5,FR,"France"
1992-W18,199218,7,FR,"France"
1992-W17,199217,6,FR,"France"
1992-W16,199216,10,FR,"France"
1992-W15,199215,15,FR,"France"
1992-W14,199214,20,FR,"France"
1992-W13,199213,20,FR,"France"
1992-W12,199212,21,FR,"France"
1992-W11,199211,20,FR,"France"
1992-W10,199210,34,FR,"France"
1992-W09,199209,47,FR,"France"
1992-W08,199208,66,FR,"France"
1992-W07,199207,100,FR,"France"
1992-W06,199206,197,FR,"France"
1992-W05,199205,290,FR,"France"
1992-W04,199204,259,FR,"France"
1992-W03,199203,241,FR,"France"
1992-W02,199202,325,FR,"France"
1992-W01,199201,434,FR,"France"
1991-W52,199152,615,FR,"France"
1991-W51,199151,666,FR,"France"
1991-W50,199150,350,FR,"France"
1991-W49,199149,165,FR,"France"
1991-W48,199148,79,FR,"France"
1991-W47,199147,63,FR,"France"
1991-W46,199146,42,FR,"France"
1991-W45,199145,34,FR,"France"
1991-W44,199144,38,FR,"France"
1991-W43,199143,51,FR,"France"
1991-W42,199142,48,FR,"France"
1991-W41,199141,50,FR,"France"
1991-W40,199140,47,FR,"France"
1991-W39,199139,25,FR,"France"
1991-W38,199138,13,FR,"France"
1991-W37,199137,4,FR,"France"
1991-W36,199136,4,FR,"France"
1991-W35,199135,4,FR,"France"
1991-W34,199134,4,FR,"France"
1991-W33,199133,3,FR,"France"
1991-W32,199132,1,FR,"France"
1991-W31,199131,4,FR,"France"
1991-W30,199130,4,FR,"France"
1991-W29,199129,7,FR,"France"
1991-W28,199128,6,FR,"France"
1991-W27,199127,6,FR,"France"
1991-W26,199126,11,FR,"France"
1991-W25,199125,14,FR,"France"
1991-W24,199124,14,FR,"France"
1991-W23,199123,12,FR,"France"
1991-W22,199122,11,FR,"France"
1991-W21,199121,11,FR,"France"
1991-W20,199120,15,FR,"France"
1991-W19,199119,14,FR,"France"
1991-W18,199118,19,FR,"France"
1991-W17,199117,27,FR,"France"
1991-W16,199116,28,FR,"France"
1991-W15,199115,26,FR,"France"
1991-W14,199114,49,FR,"France"
1991-W13,199113,57,FR,"France"
1991-W12,199112,49,FR,"France"
1991-W11,199111,81,FR,"France"
1991-W10,199110,156,FR,"France"
1991-W09,199109,245,FR,"France"
1991-W08,199108,381,FR,"France"
1991-W07,199107,367,FR,"France"
1991-W06,199106,237,FR,"France"
1991-W05,199105,129,FR,"France"
1991-W04,199104,85,FR,"France"
1991-W03,199103,52,FR,"France"
1991-W02,199102,52,FR,"France"
1991-W01,199101,76,FR,"France"
1990-W52,199052,73,FR,"France"
1990-W51,199051,83,FR,"France"
1990-W50,199050,78,FR,"France"
1990-W49,199049,68,FR,"France"
1990-W48,199048,52,FR,"France"
1990-W47,199047,41,FR,"France"
1990-W46,199046,36,FR,"France"
1990-W45,199045,31,FR,"France"
1990-W44,199044,29,FR,"France"
1990-W43,199043,31,FR,"France"
1990-W42,199042,23,FR,"France"
1990-W41,199041,35,FR,"France"
1990-W40,199040,36,FR,"France"
1990-W39,199039,28,FR,"France"
1990-W38,199038,20,FR,"France"
1990-W37,199037,7,FR,"France"
1990-W36,199036,4,FR,"France"
1990-W35,199035,2,FR,"France"
1990-W34,199034,0,FR,"France"
1990-W33,199033,0,FR,"France"
1990-W32,199032,2,FR,"France"
1990-W31,199031,2,FR,"France"
1990-W30,199030,1,FR,"France"
1990-W29,199029,2,FR,"France"
1990-W28,199028,2,FR,"France"
1990-W27,199027,5,FR,"France"
1990-W26,199026,13,FR,"France"
1990-W25,199025,14,FR,"France"
1990-W24,199024,10,FR,"France"
1990-W23,199023,6,FR,"France"
1990-W22,199022,7,FR,"France"
1990-W21,199021,2,FR,"France"
1990-W20,199020,8,FR,"France"
1990-W19,199019,10,FR,"France"
1990-W18,199018,3,FR,"France"
1990-W17,199017,9,FR,"France"
1990-W16,199016,14,FR,"France"
1990-W15,199015,21,FR,"France"
1990-W14,199014,23,FR,"France"
1990-W13,199013,39,FR,"France"
1990-W12,199012,30,FR,"France"
1990-W11,199011,35,FR,"France"
1990-W10,199010,29,FR,"France"
1990-W09,199009,39,FR,"France"
1990-W08,199008,46,FR,"France"
1990-W07,199007,109,FR,"France"
1990-W06,199006,707,FR,"France"
1990-W05,199005,286,FR,"France"
1990-W04,199004,509,FR,"France"
1990-W03,199003,558,FR,"France"
1990-W02,199002,610,FR,"France"
1990-W01,199001,855,FR,"France"
1989-W52,198952,1035,FR,"France"
1989-W51,198951,1463,FR,"France"
1989-W50,198950,1334,FR,"France"
1989-W49,198949,638,FR,"France"
1989-W48,198948,212,FR,"France"
1989-W47,198947,73,FR,"France"
1989-W46,198946,42,FR,"France"
1989-W45,198945,40,FR,"France"
1989-W44,198944,42,FR,"France"
1989-W43,198943,53,FR,"France"
1989-W42,198942,70,FR,"France"
1989-W41,198941,78,FR,"France"
1989-W40,198940,56,FR,"France"
1989-W39,198939,44,FR,"France"
1989-W38,198938,33,FR,"France"
1989-W37,198937,21,FR,"France"
1989-W36,198936,8,FR,"France"
1989-W35,198935,8,FR,"France"
1989-W34,198934,11,FR,"France"
1989-W33,198933,14,FR,"France"
1989-W32,198932,13,FR,"France"
1989-W31,198931,5,FR,"France"
1989-W30,198930,6,FR,"France"
1989-W29,198929,7,FR,"France"
1989-W28,198928,2,FR,"France"
1989-W27,198927,6,FR,"France"
1989-W26,198926,10,FR,"France"
1989-W25,198925,11,FR,"France"
1989-W24,198924,11,FR,"France"
1989-W23,198923,21,FR,"France"
1989-W22,198922,16,FR,"France"
1989-W21,198921,17,FR,"France"
1989-W20,198920,11,FR,"France"
1989-W19,198919,,FR,"France"
1989-W18,198918,24,FR,"France"
1989-W17,198917,19,FR,"France"
1989-W16,198916,19,FR,"France"
1989-W15,198915,17,FR,"France"
1989-W14,198914,27,FR,"France"
1989-W13,198913,19,FR,"France"
1989-W12,198912,24,FR,"France"
1989-W11,198911,30,FR,"France"
1989-W10,198910,22,FR,"France"
1989-W09,198909,23,FR,"France"
1989-W08,198908,35,FR,"France"
1989-W07,198907,49,FR,"France"
1989-W06,198906,85,FR,"France"
1989-W05,198905,94,FR,"France"
1989-W04,198904,98,FR,"France"
1989-W03,198903,118,FR,"France"
1989-W02,198902,200,FR,"France"
1989-W01,198901,360,FR,"France"
1988-W52,198852,837,FR,"France"
1988-W51,198851,1562,FR,"France"
1988-W50,198850,1793,FR,"France"
1988-W49,198849,1729,FR,"France"
1988-W48,198848,1141,FR,"France"
1988-W47,198847,440,FR,"France"
1988-W46,198846,165,FR,"France"
1988-W45,198845,97,FR,"France"
1988-W44,198844,75,FR,"France"
1988-W43,198843,68,FR,"France"
1988-W42,198842,81,FR,"France"
1988-W41,198841,83,FR,"France"
1988-W40,198840,71,FR,"France"
1988-W39,198839,78,FR,"France"
1988-W38,198838,63,FR,"France"
1988-W37,198837,28,FR,"France"
1988-W36,198836,13,FR,"France"
1988-W35,198835,14,FR,"France"
1988-W34,198834,9,FR,"France"
1988-W33,198833,14,FR,"France"
1988-W32,198832,13,FR,"France"
1988-W31,198831,16,FR,"France"
1988-W30,198830,8,FR,"France"
1988-W29,198829,11,FR,"France"
1988-W28,198828,15,FR,"France"
1988-W27,198827,8,FR,"France"
1988-W26,198826,13,FR,"France"
1988-W25,198825,14,FR,"France"
1988-W24,198824,12,FR,"France"
1988-W23,198823,16,FR,"France"
1988-W22,198822,21,FR,"France"
1988-W21,198821,20,FR,"France"
1988-W20,198820,25,FR,"France"
1988-W19,198819,33,FR,"France"
1988-W18,198818,37,FR,"France"
1988-W17,198817,39,FR,"France"
1988-W16,198816,60,FR,"France"
1988-W15,198815,126,FR,"France"
1988-W14,198814,222,FR,"France"
1988-W13,198813,347,FR,"France"
1988-W12,198812,507,FR,"France"
1988-W11,198811,566,FR,"France"
1988-W10,198810,421,FR,"France"
1988-W09,198809,243,FR,"France"
1988-W08,198808,157,FR,"France"
1988-W07,198807,138,FR,"France"
1988-W06,198806,124,FR,"France"
1988-W05,198805,130,FR,"France"
1988-W04,198804,130,FR,"France"
1988-W03,198803,123,FR,"France"
1988-W02,198802,107,FR,"France"
1988-W01,198801,109,FR,"France"
1987-W53,198753,85,FR,"France"
1987-W52,198752,21,FR,"France"
1987-W51,198751,86,FR,"France"
1987-W50,198750,104,FR,"France"
1987-W49,198749,89,FR,"France"
1987-W48,198748,75,FR,"France"
1987-W47,198747,53,FR,"France"
1987-W46,198746,67,FR,"France"
1987-W45,198745,64,FR,"France"
1987-W44,198744,74,FR,"France"
1987-W43,198743,83,FR,"France"
1987-W42,198742,68,FR,"France"
1987-W41,198741,76,FR,"France"
1987-W40,198740,44,FR,"France"
1987-W39,198739,58,FR,"France"
1987-W38,198738,30,FR,"France"
1987-W37,198737,20,FR,"France"
1987-W36,198736,14,FR,"France"
1987-W35,198735,11,FR,"France"
1987-W34,198734,12,FR,"France"
1987-W33,198733,12,FR,"France"
1987-W32,198732,13,FR,"France"
1987-W31,198731,15,FR,"France"
1987-W30,198730,8,FR,"France"
1987-W29,198729,8,FR,"France"
1987-W28,198728,5,FR,"France"
1987-W27,198727,18,FR,"France"
1987-W26,198726,22,FR,"France"
1987-W25,198725,42,FR,"France"
1987-W24,198724,20,FR,"France"
1987-W23,198723,29,FR,"France"
1987-W22,198722,27,FR,"France"
1987-W21,198721,32,FR,"France"
1987-W20,198720,19,FR,"France"
1987-W19,198719,23,FR,"France"
1987-W18,198718,29,FR,"France"
1987-W17,198717,38,FR,"France"
1987-W16,198716,58,FR,"France"
1987-W15,198715,80,FR,"France"
1987-W14,198714,91,FR,"France"
1987-W13,198713,112,FR,"France"
1987-W12,198712,107,FR,"France"
1987-W11,198711,96,FR,"France"
1987-W10,198710,167,FR,"France"
1987-W09,198709,264,FR,"France"
1987-W08,198708,391,FR,"France"
1987-W07,198707,518,FR,"France"
1987-W06,198706,533,FR,"France"
1987-W05,198705,424,FR,"France"
1987-W04,198704,285,FR,"France"
1987-W03,198703,187,FR,"France"
1987-W02,198702,133,FR,"France"
1987-W01,198701,125,FR,"France"
1986-W52,198652,138,FR,"France"
1986-W51,198651,132,FR,"France"
1986-W50,198650,133,FR,"France"
1986-W49,198649,102,FR,"France"
1986-W48,198648,83,FR,"France"
1986-W47,198647,66,FR,"France"
1986-W46,198646,58,FR,"France"
1986-W45,198645,70,FR,"France"
1986-W44,198644,52,FR,"France"
1986-W43,198643,50,FR,"France"
1986-W42,198642,57,FR,"France"
1986-W41,198641,59,FR,"France"
1986-W40,198640,60,FR,"France"
1986-W39,198639,52,FR,"France"
1986-W38,198638,48,FR,"France"
1986-W37,198637,29,FR,"France"
1986-W36,198636,17,FR,"France"
1986-W35,198635,19,FR,"France"
1986-W34,198634,10,FR,"France"
1986-W33,198633,6,FR,"France"
1986-W32,198632,2,FR,"France"
1986-W31,198631,4,FR,"France"
1986-W30,198630,4,FR,"France"
1986-W29,198629,7,FR,"France"
1986-W28,198628,4,FR,"France"
1986-W27,198627,14,FR,"France"
1986-W26,198626,16,FR,"France"
1986-W25,198625,20,FR,"France"
1986-W24,198624,20,FR,"France"
1986-W23,198623,26,FR,"France"
1986-W22,198622,18,FR,"France"
1986-W21,198621,26,FR,"France"
1986-W20,198620,31,FR,"France"
1986-W19,198619,40,FR,"France"
1986-W18,198618,57,FR,"France"
1986-W17,198617,63,FR,"France"
1986-W16,198616,74,FR,"France"
1986-W15,198615,77,FR,"France"
1986-W14,198614,90,FR,"France"
1986-W13,198613,157,FR,"France"
1986-W12,198612,225,FR,"France"
1986-W11,198611,303,FR,"France"
1986-W10,198610,464,FR,"France"
1986-W09,198609,580,FR,"France"
1986-W08,198608,810,FR,"France"
1986-W07,198607,886,FR,"France"
1986-W06,198606,793,FR,"France"
1986-W05,198605,658,FR,"France"
1986-W04,198604,629,FR,"France"
1986-W03,198603,490,FR,"France"
1986-W02,198602,322,FR,"France"
1986-W01,198601,203,FR,"France"
1985-W52,198552,157,FR,"France"
1985-W51,198551,208,FR,"France"
1985-W50,198550,156,FR,"France"
1985-W49,198549,120,FR,"France"
1985-W48,198548,124,FR,"France"
1985-W47,198547,120,FR,"France"
1985-W46,198546,128,FR,"France"
1985-W45,198545,104,FR,"France"
1985-W44,198544,122,FR,"France"
1985-W43,198543,158,FR,"France"
1985-W42,198542,138,FR,"France"
1985-W41,198541,83,FR,"France"
1985-W40,198540,90,FR,"France"
1985-W39,198539,72,FR,"France"
1985-W38,198538,50,FR,"France"
1985-W37,198537,40,FR,"France"
1985-W36,198536,51,FR,"France"
1985-W35,198535,55,FR,"France"
1985-W34,198534,73,FR,"France"
1985-W33,198533,41,FR,"France"
1985-W32,198532,14,FR,"France"
1985-W31,198531,31,FR,"France"
1985-W30,198530,21,FR,"France"
1985-W29,198529,24,FR,"France"
1985-W28,198528,26,FR,"France"
1985-W27,198527,36,FR,"France"
1985-W26,198526,34,FR,"France"
1985-W25,198525,35,FR,"France"
1985-W24,198524,36,FR,"France"
1985-W23,198523,35,FR,"France"
1985-W22,198522,44,FR,"France"
1985-W21,198521,47,FR,"France"
1985-W20,198520,51,FR,"France"
1985-W19,198519,78,FR,"France"
1985-W18,198518,74,FR,"France"
1985-W17,198517,62,FR,"France"
1985-W16,198516,91,FR,"France"
1985-W15,198515,116,FR,"France"
1985-W14,198514,244,FR,"France"
1985-W13,198513,357,FR,"France"
1985-W12,198512,445,FR,"France"
1985-W11,198511,501,FR,"France"
1985-W10,198510,640,FR,"France"
1985-W09,198509,670,FR,"France"
1985-W08,198508,707,FR,"France"
1985-W07,198507,855,FR,"France"
1985-W06,198506,1026,FR,"France"
1985-W05,198505,1155,FR,"France"
1985-W04,198504,770,FR,"France"
1985-W03,198503,388,FR,"France"
1985-W02,198502,177,FR,"France"
1985-W01,198501,155,FR,"France"
1984-W52,198452,154,FR,"France"
1984-W51,198451,185,FR,"France"
1984-W50,198450,225,FR,"France"
1984-W49,198449,184,FR,"France"
1984-W48,198448,143,FR,"France"
1984-W47,198447,131,FR,"France"
1984-W46,198446,159,FR,"France"
1984-W45,198445,246,FR,"France"
1984-W44,198444,125,FR,"France"